INSERT INTO dbo.Line (Id, IsFromDataSourceId, Gid, Number, Name, Designation, DefaultTransportModeCode, IsDefinedByTransportAuthorityId, Monitored, ExistsFromDate, ExistsUpToDate) VALUES (33010000000570941, 3, 9011003000100000, 1, '', '1', 'BUS', 33010000000001407, 0, '2015-05-21 00:00:00', null);
INSERT INTO dbo.Line (Id, IsFromDataSourceId, Gid, Number, Name, Designation, DefaultTransportModeCode, IsDefinedByTransportAuthorityId, Monitored, ExistsFromDate, ExistsUpToDate) VALUES (33010000000570956, 3, 9011003000200000, 2, '', '2', 'BUS', 33010000000001407, 0, '2015-05-21 00:00:00', null);
INSERT INTO dbo.Line (Id, IsFromDataSourceId, Gid, Number, Name, Designation, DefaultTransportModeCode, IsDefinedByTransportAuthorityId, Monitored, ExistsFromDate, ExistsUpToDate) VALUES (33010000022764406, 3, 9011003099700000, 997, 'Upptåget', 'Upptåget', 'TRAIN', 33010000000001407, 0, '2015-09-29 00:00:00', null);
INSERT INTO dbo.Line (Id, IsFromDataSourceId, Gid, Number, Name, Designation, DefaultTransportModeCode, IsDefinedByTransportAuthorityId, Monitored, ExistsFromDate, ExistsUpToDate) VALUES (33010000022764420, 3, 9011003099900000, 999, 'Upptåget', 'Upptåget', 'TRAIN', 33010000000001407, 0, '2015-09-29 00:00:00', null);
INSERT INTO dbo.Line (Id, IsFromDataSourceId, Gid, Number, Name, Designation, DefaultTransportModeCode, IsDefinedByTransportAuthorityId, Monitored, ExistsFromDate, ExistsUpToDate) VALUES (33010000046738173, 3, 9011003003000000, 30, '', '30', 'BUS', 33010000000001407, 0, '2017-08-14 00:00:00', null);
INSERT INTO dbo.Line (Id, IsFromDataSourceId, Gid, Number, Name, Designation, DefaultTransportModeCode, IsDefinedByTransportAuthorityId, Monitored, ExistsFromDate, ExistsUpToDate) VALUES (33010000046738195, 3, 9011003003100000, 31, '', '31', 'BUS', 33010000000001407, 0, '2017-06-22 00:00:00', null);
INSERT INTO dbo.Line (Id, IsFromDataSourceId, Gid, Number, Name, Designation, DefaultTransportModeCode, IsDefinedByTransportAuthorityId, Monitored, ExistsFromDate, ExistsUpToDate) VALUES (33010000047691644, 3, 9011003011800000, 118, '', '118', 'BUS', 33010000000001407, 0, '2017-08-14 00:00:00', null);
INSERT INTO dbo.Line (Id, IsFromDataSourceId, Gid, Number, Name, Designation, DefaultTransportModeCode, IsDefinedByTransportAuthorityId, Monitored, ExistsFromDate, ExistsUpToDate) VALUES (33010000047734763, 3, 9011003016500000, 165, '', '165', 'BUS', 33010000000001407, 0, '2017-08-12 00:00:00', null);
INSERT INTO dbo.Line (Id, IsFromDataSourceId, Gid, Number, Name, Designation, DefaultTransportModeCode, IsDefinedByTransportAuthorityId, Monitored, ExistsFromDate, ExistsUpToDate) VALUES (33010000000570986, 3, 9011003000400000, 4, '', '4', 'BUS', 33010000000001407, 0, '2015-05-21 00:00:00', null);
INSERT INTO dbo.Line (Id, IsFromDataSourceId, Gid, Number, Name, Designation, DefaultTransportModeCode, IsDefinedByTransportAuthorityId, Monitored, ExistsFromDate, ExistsUpToDate) VALUES (33010000000570989, 3, 9011003000400000, 4, '', '4o', 'BUS', 33010000000001407, 0, '2015-04-21 00:00:00', '2015-05-20 00:00:00');

INSERT INTO dbo.DirectionOfLine (Id, IsFromDataSourceId, Gid, DirectionCode, Name, IsOnLineId, ExistsFromDate, ExistsUpToDate, DescriptionNote) VALUES (33010000000570091, 3, 9014003000410000, 'ODD', 'Gottsunda östra', 33010000000570986,'2015-05-01 00:00:00', '2015-05-20 00:00:00', 'Årsta norra - Gränbystaden - City - Akademiska sjukhuset - Ultuna - Gottsunda östra');
INSERT INTO dbo.DirectionOfLine (Id, IsFromDataSourceId, Gid, DirectionCode, Name, IsOnLineId, ExistsFromDate, ExistsUpToDate, DescriptionNote) VALUES (33010000000570991, 3, 9014003000410000, 'ODD', 'Gottsunda östra', 33010000000570986,'2015-05-21 00:00:00', null, 'Årsta norra - Gränbystaden - City - Akademiska sjukhuset - Ultuna - Gottsunda östra');
INSERT INTO dbo.DirectionOfLine (Id, IsFromDataSourceId, Gid, DirectionCode, Name, IsOnLineId, ExistsFromDate, ExistsUpToDate, DescriptionNote) VALUES (33010000000570996, 3, 9014003000420000, 'EVEN', 'Årsta norra', 33010000000570986,'2015-05-21 00:00:00', null, 'Gottsunda östra - Ultuna - Akademiska sjukhuset - City - Gränbystaden - Årsta norra');

INSERT INTO dbo.TransportAuthority (Id, Gid, IsFromDataSourceId, Number, TimeTableReleaseForPublicUseUptoDate, ExistsFromDate, ExistsUptoDate, Code, Name, FormalName) VALUES (33010000000001407, 9010003000000000, 3, 3, '2016-12-31 00:00:00', '2015-05-19 00:00:00', null, 'UL', 'UL', 'Kollektivtrafikförvaltningen, UL');
INSERT INTO dbo.TransportAuthority (Id, Gid, IsFromDataSourceId, Number, TimeTableReleaseForPublicUseUptoDate, ExistsFromDate, ExistsUptoDate, Code, Name, FormalName) VALUES (33010000000547186, 9010001000000000, 3, 1, '2016-12-31 00:00:00', '2015-05-21 00:00:00', null, 'SL', 'Pendeltågen Stockholm', 'Storstockholms Lokaltrafik AB');
INSERT INTO dbo.TransportAuthority (Id, Gid, IsFromDataSourceId, Number, TimeTableReleaseForPublicUseUptoDate, ExistsFromDate, ExistsUptoDate, Code, Name, FormalName) VALUES (141010000000001001, 9010002000000000, 14, 2, '2018-12-09 00:00:00', '2008-06-17 00:00:00', null, 'VTG', 'ZZ Historiskt Västtrafik Göteborgsområdet', 'Västtrafik Göteborgsområdet AB Lokaltrafik AB');
INSERT INTO dbo.TransportAuthority (Id, Gid, IsFromDataSourceId, Number, TimeTableReleaseForPublicUseUptoDate, ExistsFromDate, ExistsUptoDate, Code, Name, FormalName) VALUES (141010000000001222, 9010092000000000, 14, 92, '2018-12-09 00:00:00', '2008-07-02 00:00:00', null, 'FAC', 'Flygbussarna Airport Coaches', 'Flygbussarna Airport Coaches AB');
INSERT INTO dbo.TransportAuthority (Id, Gid, IsFromDataSourceId, Number, TimeTableReleaseForPublicUseUptoDate, ExistsFromDate, ExistsUptoDate, Code, Name, FormalName) VALUES (141010000000001250, 9010013000000000, 14, 13, '2018-12-09 00:00:00', '2008-07-02 00:00:00', null, 'HT', 'Hallandstrafiken', 'Hallandstrafiken AB');
INSERT INTO dbo.TransportAuthority (Id, Gid, IsFromDataSourceId, Number, TimeTableReleaseForPublicUseUptoDate, ExistsFromDate, ExistsUptoDate, Code, Name, FormalName) VALUES (141010000000001278, 9010006000000000, 14, 6, '2018-12-09 00:00:00', '2008-07-02 00:00:00', null, 'JLT', 'Jönköpings Länstrafik', 'Jönköpings Länstrafik');
INSERT INTO dbo.TransportAuthority (Id, Gid, IsFromDataSourceId, Number, TimeTableReleaseForPublicUseUptoDate, ExistsFromDate, ExistsUptoDate, Code, Name, FormalName) VALUES (141010000000001334, 9010074000000000, 14, 74, '2018-12-09 00:00:00', '2008-07-02 00:00:00', null, 'SJ', 'SJ', 'SJ AB');
INSERT INTO dbo.TransportAuthority (Id, Gid, IsFromDataSourceId, Number, TimeTableReleaseForPublicUseUptoDate, ExistsFromDate, ExistsUptoDate, Code, Name, FormalName) VALUES (141010000000001362, 9010999000000000, 14, 999, '2014-12-14 00:00:00', '2008-07-02 00:00:00', null, 'TEST', 'Testföretaget', 'Testföretaget AB');
INSERT INTO dbo.TransportAuthority (Id, Gid, IsFromDataSourceId, Number, TimeTableReleaseForPublicUseUptoDate, ExistsFromDate, ExistsUptoDate, Code, Name, FormalName) VALUES (141010000000001418, 9010014000000000, 14, 14, '2018-12-09 00:00:00', '2008-07-02 00:00:00', null, 'VT', 'Västtrafik', null);
INSERT INTO dbo.TransportAuthority (Id, Gid, IsFromDataSourceId, Number, TimeTableReleaseForPublicUseUptoDate, ExistsFromDate, ExistsUptoDate, Code, Name, FormalName) VALUES (141010000000001537, 9010091000000000, 14, 91, '2018-12-09 00:00:00', '2008-07-02 00:00:00', null, 'VV', 'Trafikverket', 'Trafikverket');
INSERT INTO dbo.TransportAuthority (Id, Gid, IsFromDataSourceId, Number, TimeTableReleaseForPublicUseUptoDate, ExistsFromDate, ExistsUptoDate, Code, Name, FormalName) VALUES (141010000128042387, 9010031000000000, 14, 31, '2018-12-09 00:00:00', '2009-10-28 00:00:00', null, 'SWX', 'Swebus Express', 'Swebus Express');
INSERT INTO dbo.TransportAuthority (Id, Gid, IsFromDataSourceId, Number, TimeTableReleaseForPublicUseUptoDate, ExistsFromDate, ExistsUptoDate, Code, Name, FormalName) VALUES (141010000452254130, 9010030000000000, 14, 30, '2018-12-09 00:00:00', '2013-12-15 00:00:00', null, 'ORE', 'Öresundståg', null);
INSERT INTO dbo.TransportAuthority (Id, Gid, IsFromDataSourceId, Number, TimeTableReleaseForPublicUseUptoDate, ExistsFromDate, ExistsUptoDate, Code, Name, FormalName) VALUES (141010000651668068, 9010095000000000, 14, 95, '2018-12-09 00:00:00', '2015-05-12 00:00:00', null, 'DVVJ', 'Dal Västra Värmlands Järnväg', null);
INSERT INTO dbo.TransportAuthority (Id, Gid, IsFromDataSourceId, Number, TimeTableReleaseForPublicUseUptoDate, ExistsFromDate, ExistsUptoDate, Code, Name, FormalName) VALUES (141010000651668090, 9010075000000000, 14, 75, '2018-12-09 00:00:00', '2015-05-12 00:00:00', null, 'NSB', 'Norges stadsbaner', null);
INSERT INTO dbo.TransportAuthority (Id, Gid, IsFromDataSourceId, Number, TimeTableReleaseForPublicUseUptoDate, ExistsFromDate, ExistsUptoDate, Code, Name, FormalName) VALUES (141010000651668112, 9010094000000000, 14, 94, '2018-12-09 00:00:00', '2015-05-12 00:00:00', null, 'MTR', 'MTR', 'MTR Corporation');
INSERT INTO dbo.TransportAuthority (Id, Gid, IsFromDataSourceId, Number, TimeTableReleaseForPublicUseUptoDate, ExistsFromDate, ExistsUptoDate, Code, Name, FormalName) VALUES (141010000651668134, 9010096000000000, 14, 96, '2018-12-09 00:00:00', '2015-05-12 00:00:00', null, 'TAGAB', 'Tågåkeriet', 'Tågåkeriet i Bergslagen AB');

INSERT INTO dbo.journeypattern (Id, IsFromDataSourceId, IsOnDirectionOfLineId) VALUES (33010000047019973, 3, 33010000039000065);

INSERT INTO dbo.destinationdisplay (Id, IsFromDataSourceId, LineDesignation, PrimaryDestinationName) VALUES (33010000047020029, 3, '100', 'Uppsala C Björklinge1');
INSERT INTO dbo.destinationdisplay (Id, IsFromDataSourceId, LineDesignation, PrimaryDestinationName) VALUES (33010000047020033, 3, '100', 'Björklinge');
INSERT INTO dbo.destinationdisplay (Id, IsFromDataSourceId, LineDesignation, PrimaryDestinationName) VALUES (33010000047020047, 3, '100', 'Uppsala C Björklinge2');
INSERT INTO dbo.destinationdisplay (Id, IsFromDataSourceId, LineDesignation, PrimaryDestinationName) VALUES (33010000047020051, 3, '100', 'Björklinge');
INSERT INTO dbo.destinationdisplay (Id, IsFromDataSourceId, LineDesignation, PrimaryDestinationName) VALUES (33010000047020055, 3, '100', 'Uppsala');
INSERT INTO dbo.destinationdisplay (Id, IsFromDataSourceId, LineDesignation, PrimaryDestinationName) VALUES (33010000048253361, 3, '100', 'Uppsala C Björklinge3');
INSERT INTO dbo.destinationdisplay (Id, IsFromDataSourceId, LineDesignation, PrimaryDestinationName) VALUES (33010000048253365, 3, '100', 'Björklinge');
INSERT INTO dbo.destinationdisplay (Id, IsFromDataSourceId, LineDesignation, PrimaryDestinationName) VALUES (33010000048253369, 3, '100', 'Uppsala');

INSERT INTO dbo.pointindestinationpattern (Id, IsFromDataSourceId, IsInDestinationPatternId, IsOnPointInJourneyPatternId, HasDestinationDisplayId) VALUES (33019419000110299, 3, 33010000047020023, 33010000047019978, 33010000047020029);
INSERT INTO dbo.pointindestinationpattern (Id, IsFromDataSourceId, IsInDestinationPatternId, IsOnPointInJourneyPatternId, HasDestinationDisplayId) VALUES (33019419000110300, 3, 33010000047020023, 33010000047019979, 33010000047020029);
INSERT INTO dbo.pointindestinationpattern (Id, IsFromDataSourceId, IsInDestinationPatternId, IsOnPointInJourneyPatternId, HasDestinationDisplayId) VALUES (33019419000110301, 3, 33010000047020023, 33010000047019980, 33010000047020029);
INSERT INTO dbo.pointindestinationpattern (Id, IsFromDataSourceId, IsInDestinationPatternId, IsOnPointInJourneyPatternId, HasDestinationDisplayId) VALUES (33019419000110302, 3, 33010000047020023, 33010000047019981, 33010000047020029);
INSERT INTO dbo.pointindestinationpattern (Id, IsFromDataSourceId, IsInDestinationPatternId, IsOnPointInJourneyPatternId, HasDestinationDisplayId) VALUES (33019419000110303, 3, 33010000047020023, 33010000047019982, 33010000047020029);
INSERT INTO dbo.pointindestinationpattern (Id, IsFromDataSourceId, IsInDestinationPatternId, IsOnPointInJourneyPatternId, HasDestinationDisplayId) VALUES (33019419000110304, 3, 33010000047020023, 33010000047019983, 33010000047020029);
INSERT INTO dbo.pointindestinationpattern (Id, IsFromDataSourceId, IsInDestinationPatternId, IsOnPointInJourneyPatternId, HasDestinationDisplayId) VALUES (33019419000110305, 3, 33010000047020023, 33010000047019984, 33010000047020029);
INSERT INTO dbo.pointindestinationpattern (Id, IsFromDataSourceId, IsInDestinationPatternId, IsOnPointInJourneyPatternId, HasDestinationDisplayId) VALUES (33019419000110306, 3, 33010000047020023, 33010000047019985, 33010000047020033);
INSERT INTO dbo.pointindestinationpattern (Id, IsFromDataSourceId, IsInDestinationPatternId, IsOnPointInJourneyPatternId, HasDestinationDisplayId) VALUES (33019419000110307, 3, 33010000047020023, 33010000047019986, 33010000047020033);
INSERT INTO dbo.pointindestinationpattern (Id, IsFromDataSourceId, IsInDestinationPatternId, IsOnPointInJourneyPatternId, HasDestinationDisplayId) VALUES (33019419000110308, 3, 33010000047020023, 33010000047019987, 33010000047020033);
INSERT INTO dbo.pointindestinationpattern (Id, IsFromDataSourceId, IsInDestinationPatternId, IsOnPointInJourneyPatternId, HasDestinationDisplayId) VALUES (33019419000110309, 3, 33010000047020023, 33010000047019988, 33010000047020033);
INSERT INTO dbo.pointindestinationpattern (Id, IsFromDataSourceId, IsInDestinationPatternId, IsOnPointInJourneyPatternId, HasDestinationDisplayId) VALUES (33019419000110310, 3, 33010000047020023, 33010000047019989, 33010000047020033);
INSERT INTO dbo.pointindestinationpattern (Id, IsFromDataSourceId, IsInDestinationPatternId, IsOnPointInJourneyPatternId, HasDestinationDisplayId) VALUES (33019419000110311, 3, 33010000047020023, 33010000047019990, 33010000047020033);
INSERT INTO dbo.pointindestinationpattern (Id, IsFromDataSourceId, IsInDestinationPatternId, IsOnPointInJourneyPatternId, HasDestinationDisplayId) VALUES (33019419000110312, 3, 33010000047020023, 33010000047019991, 33010000047020033);
INSERT INTO dbo.pointindestinationpattern (Id, IsFromDataSourceId, IsInDestinationPatternId, IsOnPointInJourneyPatternId, HasDestinationDisplayId) VALUES (33019419000110313, 3, 33010000047020023, 33010000047019992, 33010000047020033);
INSERT INTO dbo.pointindestinationpattern (Id, IsFromDataSourceId, IsInDestinationPatternId, IsOnPointInJourneyPatternId, HasDestinationDisplayId) VALUES (33019419000110314, 3, 33010000047020023, 33010000047019993, 33010000047020033);
INSERT INTO dbo.pointindestinationpattern (Id, IsFromDataSourceId, IsInDestinationPatternId, IsOnPointInJourneyPatternId, HasDestinationDisplayId) VALUES (33019419000110315, 3, 33010000047020023, 33010000047019994, 33010000047020033);
INSERT INTO dbo.pointindestinationpattern (Id, IsFromDataSourceId, IsInDestinationPatternId, IsOnPointInJourneyPatternId, HasDestinationDisplayId) VALUES (33019419000110316, 3, 33010000047020023, 33010000047019995, 33010000047020033);
INSERT INTO dbo.pointindestinationpattern (Id, IsFromDataSourceId, IsInDestinationPatternId, IsOnPointInJourneyPatternId, HasDestinationDisplayId) VALUES (33019419000110317, 3, 33010000047020023, 33010000047019996, 33010000047020033);
INSERT INTO dbo.pointindestinationpattern (Id, IsFromDataSourceId, IsInDestinationPatternId, IsOnPointInJourneyPatternId, HasDestinationDisplayId) VALUES (33019419000110318, 3, 33010000047020023, 33010000047019997, 33010000047020033);
INSERT INTO dbo.pointindestinationpattern (Id, IsFromDataSourceId, IsInDestinationPatternId, IsOnPointInJourneyPatternId, HasDestinationDisplayId) VALUES (33019419000110319, 3, 33010000047020023, 33010000047019998, 33010000047020033);
INSERT INTO dbo.pointindestinationpattern (Id, IsFromDataSourceId, IsInDestinationPatternId, IsOnPointInJourneyPatternId, HasDestinationDisplayId) VALUES (33019419000110320, 3, 33010000047020023, 33010000047019999, 33010000047020033);
INSERT INTO dbo.pointindestinationpattern (Id, IsFromDataSourceId, IsInDestinationPatternId, IsOnPointInJourneyPatternId, HasDestinationDisplayId) VALUES (33019419000110321, 3, 33010000047020023, 33010000047020000, 33010000047020033);
INSERT INTO dbo.pointindestinationpattern (Id, IsFromDataSourceId, IsInDestinationPatternId, IsOnPointInJourneyPatternId, HasDestinationDisplayId) VALUES (33019419000110322, 3, 33010000047020023, 33010000047020001, 33010000047020033);
INSERT INTO dbo.pointindestinationpattern (Id, IsFromDataSourceId, IsInDestinationPatternId, IsOnPointInJourneyPatternId, HasDestinationDisplayId) VALUES (33019419000110323, 3, 33010000047020023, 33010000047020002, 33010000047020033);
INSERT INTO dbo.pointindestinationpattern (Id, IsFromDataSourceId, IsInDestinationPatternId, IsOnPointInJourneyPatternId, HasDestinationDisplayId) VALUES (33019419000110324, 3, 33010000047020023, 33010000047020003, 33010000047020033);
INSERT INTO dbo.pointindestinationpattern (Id, IsFromDataSourceId, IsInDestinationPatternId, IsOnPointInJourneyPatternId, HasDestinationDisplayId) VALUES (33019419000110325, 3, 33010000047020023, 33010000047020004, 33010000047020033);
INSERT INTO dbo.pointindestinationpattern (Id, IsFromDataSourceId, IsInDestinationPatternId, IsOnPointInJourneyPatternId, HasDestinationDisplayId) VALUES (33019419000110326, 3, 33010000047020023, 33010000047020005, 33010000047020033);
INSERT INTO dbo.pointindestinationpattern (Id, IsFromDataSourceId, IsInDestinationPatternId, IsOnPointInJourneyPatternId, HasDestinationDisplayId) VALUES (33019419000110327, 3, 33010000047020023, 33010000047020006, 33010000047020033);
INSERT INTO dbo.pointindestinationpattern (Id, IsFromDataSourceId, IsInDestinationPatternId, IsOnPointInJourneyPatternId, HasDestinationDisplayId) VALUES (33019419000110328, 3, 33010000047020023, 33010000047020007, 33010000047020033);
INSERT INTO dbo.pointindestinationpattern (Id, IsFromDataSourceId, IsInDestinationPatternId, IsOnPointInJourneyPatternId, HasDestinationDisplayId) VALUES (33019419000110329, 3, 33010000047020023, 33010000047020008, 33010000047020033);
INSERT INTO dbo.pointindestinationpattern (Id, IsFromDataSourceId, IsInDestinationPatternId, IsOnPointInJourneyPatternId, HasDestinationDisplayId) VALUES (33019419000110330, 3, 33010000047020023, 33010000047020009, 33010000047020033);
INSERT INTO dbo.pointindestinationpattern (Id, IsFromDataSourceId, IsInDestinationPatternId, IsOnPointInJourneyPatternId, HasDestinationDisplayId) VALUES (33019419000110331, 3, 33010000047020023, 33010000047020010, 33010000047020033);
INSERT INTO dbo.pointindestinationpattern (Id, IsFromDataSourceId, IsInDestinationPatternId, IsOnPointInJourneyPatternId, HasDestinationDisplayId) VALUES (33019419000110332, 3, 33010000047020023, 33010000047020011, 33010000047020033);
INSERT INTO dbo.pointindestinationpattern (Id, IsFromDataSourceId, IsInDestinationPatternId, IsOnPointInJourneyPatternId, HasDestinationDisplayId) VALUES (33019419000110333, 3, 33010000047020023, 33010000047020012, 33010000047020033);
INSERT INTO dbo.pointindestinationpattern (Id, IsFromDataSourceId, IsInDestinationPatternId, IsOnPointInJourneyPatternId, HasDestinationDisplayId) VALUES (33019419000110334, 3, 33010000047020023, 33010000047020013, 33010000047020033);
INSERT INTO dbo.pointindestinationpattern (Id, IsFromDataSourceId, IsInDestinationPatternId, IsOnPointInJourneyPatternId, HasDestinationDisplayId) VALUES (33019419000110335, 3, 33010000047020023, 33010000047020014, 33010000047020033);
INSERT INTO dbo.pointindestinationpattern (Id, IsFromDataSourceId, IsInDestinationPatternId, IsOnPointInJourneyPatternId, HasDestinationDisplayId) VALUES (33019419000110336, 3, 33010000047020023, 33010000047020015, 33010000047020033);
INSERT INTO dbo.pointindestinationpattern (Id, IsFromDataSourceId, IsInDestinationPatternId, IsOnPointInJourneyPatternId, HasDestinationDisplayId) VALUES (33019419000110337, 3, 33010000047020023, 33010000047020016, 33010000047020033);
INSERT INTO dbo.pointindestinationpattern (Id, IsFromDataSourceId, IsInDestinationPatternId, IsOnPointInJourneyPatternId, HasDestinationDisplayId) VALUES (33019419000110338, 3, 33010000047020023, 33010000047020017, 33010000047020033);
INSERT INTO dbo.pointindestinationpattern (Id, IsFromDataSourceId, IsInDestinationPatternId, IsOnPointInJourneyPatternId, HasDestinationDisplayId) VALUES (33019419000110339, 3, 33010000047020023, 33010000047020018, 33010000047020033);
INSERT INTO dbo.pointindestinationpattern (Id, IsFromDataSourceId, IsInDestinationPatternId, IsOnPointInJourneyPatternId, HasDestinationDisplayId) VALUES (33019419000110340, 3, 33010000047020023, 33010000047020019, 33010000047020033);
INSERT INTO dbo.pointindestinationpattern (Id, IsFromDataSourceId, IsInDestinationPatternId, IsOnPointInJourneyPatternId, HasDestinationDisplayId) VALUES (33019419000110341, 3, 33010000047020023, 33010000047020020, 33010000047020033);
INSERT INTO dbo.pointindestinationpattern (Id, IsFromDataSourceId, IsInDestinationPatternId, IsOnPointInJourneyPatternId, HasDestinationDisplayId) VALUES (33019419000110342, 3, 33010000047020023, 33010000047020021, 33010000047020033);
INSERT INTO dbo.pointindestinationpattern (Id, IsFromDataSourceId, IsInDestinationPatternId, IsOnPointInJourneyPatternId, HasDestinationDisplayId) VALUES (33019419000110343, 3, 33010000047020041, 33010000047019978, 33010000047020047);
INSERT INTO dbo.pointindestinationpattern (Id, IsFromDataSourceId, IsInDestinationPatternId, IsOnPointInJourneyPatternId, HasDestinationDisplayId) VALUES (33019419000110344, 3, 33010000047020041, 33010000047019979, 33010000047020047);
INSERT INTO dbo.pointindestinationpattern (Id, IsFromDataSourceId, IsInDestinationPatternId, IsOnPointInJourneyPatternId, HasDestinationDisplayId) VALUES (33019419000110345, 3, 33010000047020041, 33010000047019980, 33010000047020047);
INSERT INTO dbo.pointindestinationpattern (Id, IsFromDataSourceId, IsInDestinationPatternId, IsOnPointInJourneyPatternId, HasDestinationDisplayId) VALUES (33019419000110346, 3, 33010000047020041, 33010000047019981, 33010000047020047);
INSERT INTO dbo.pointindestinationpattern (Id, IsFromDataSourceId, IsInDestinationPatternId, IsOnPointInJourneyPatternId, HasDestinationDisplayId) VALUES (33019419000110347, 3, 33010000047020041, 33010000047019982, 33010000047020047);
INSERT INTO dbo.pointindestinationpattern (Id, IsFromDataSourceId, IsInDestinationPatternId, IsOnPointInJourneyPatternId, HasDestinationDisplayId) VALUES (33019419000110348, 3, 33010000047020041, 33010000047019983, 33010000047020047);
INSERT INTO dbo.pointindestinationpattern (Id, IsFromDataSourceId, IsInDestinationPatternId, IsOnPointInJourneyPatternId, HasDestinationDisplayId) VALUES (33019419000110349, 3, 33010000047020041, 33010000047019984, 33010000047020047);
INSERT INTO dbo.pointindestinationpattern (Id, IsFromDataSourceId, IsInDestinationPatternId, IsOnPointInJourneyPatternId, HasDestinationDisplayId) VALUES (33019419000110350, 3, 33010000047020041, 33010000047019985, 33010000047020051);
INSERT INTO dbo.pointindestinationpattern (Id, IsFromDataSourceId, IsInDestinationPatternId, IsOnPointInJourneyPatternId, HasDestinationDisplayId) VALUES (33019419000110351, 3, 33010000047020041, 33010000047019986, 33010000047020051);
INSERT INTO dbo.pointindestinationpattern (Id, IsFromDataSourceId, IsInDestinationPatternId, IsOnPointInJourneyPatternId, HasDestinationDisplayId) VALUES (33019419000110352, 3, 33010000047020041, 33010000047019987, 33010000047020051);
INSERT INTO dbo.pointindestinationpattern (Id, IsFromDataSourceId, IsInDestinationPatternId, IsOnPointInJourneyPatternId, HasDestinationDisplayId) VALUES (33019419000110353, 3, 33010000047020041, 33010000047019988, 33010000047020051);
INSERT INTO dbo.pointindestinationpattern (Id, IsFromDataSourceId, IsInDestinationPatternId, IsOnPointInJourneyPatternId, HasDestinationDisplayId) VALUES (33019419000110354, 3, 33010000047020041, 33010000047019989, 33010000047020051);
INSERT INTO dbo.pointindestinationpattern (Id, IsFromDataSourceId, IsInDestinationPatternId, IsOnPointInJourneyPatternId, HasDestinationDisplayId) VALUES (33019419000110355, 3, 33010000047020041, 33010000047019990, 33010000047020051);
INSERT INTO dbo.pointindestinationpattern (Id, IsFromDataSourceId, IsInDestinationPatternId, IsOnPointInJourneyPatternId, HasDestinationDisplayId) VALUES (33019419000110356, 3, 33010000047020041, 33010000047019991, 33010000047020051);
INSERT INTO dbo.pointindestinationpattern (Id, IsFromDataSourceId, IsInDestinationPatternId, IsOnPointInJourneyPatternId, HasDestinationDisplayId) VALUES (33019419000110357, 3, 33010000047020041, 33010000047019992, 33010000047020051);
INSERT INTO dbo.pointindestinationpattern (Id, IsFromDataSourceId, IsInDestinationPatternId, IsOnPointInJourneyPatternId, HasDestinationDisplayId) VALUES (33019419000110358, 3, 33010000047020041, 33010000047019993, 33010000047020051);
INSERT INTO dbo.pointindestinationpattern (Id, IsFromDataSourceId, IsInDestinationPatternId, IsOnPointInJourneyPatternId, HasDestinationDisplayId) VALUES (33019419000110359, 3, 33010000047020041, 33010000047019994, 33010000047020051);
INSERT INTO dbo.pointindestinationpattern (Id, IsFromDataSourceId, IsInDestinationPatternId, IsOnPointInJourneyPatternId, HasDestinationDisplayId) VALUES (33019419000110360, 3, 33010000047020041, 33010000047019995, 33010000047020051);
INSERT INTO dbo.pointindestinationpattern (Id, IsFromDataSourceId, IsInDestinationPatternId, IsOnPointInJourneyPatternId, HasDestinationDisplayId) VALUES (33019419000110361, 3, 33010000047020041, 33010000047019996, 33010000047020051);
INSERT INTO dbo.pointindestinationpattern (Id, IsFromDataSourceId, IsInDestinationPatternId, IsOnPointInJourneyPatternId, HasDestinationDisplayId) VALUES (33019419000110362, 3, 33010000047020041, 33010000047019997, 33010000047020051);
INSERT INTO dbo.pointindestinationpattern (Id, IsFromDataSourceId, IsInDestinationPatternId, IsOnPointInJourneyPatternId, HasDestinationDisplayId) VALUES (33019419000110363, 3, 33010000047020041, 33010000047019998, 33010000047020051);
INSERT INTO dbo.pointindestinationpattern (Id, IsFromDataSourceId, IsInDestinationPatternId, IsOnPointInJourneyPatternId, HasDestinationDisplayId) VALUES (33019419000110364, 3, 33010000047020041, 33010000047019999, 33010000047020051);
INSERT INTO dbo.pointindestinationpattern (Id, IsFromDataSourceId, IsInDestinationPatternId, IsOnPointInJourneyPatternId, HasDestinationDisplayId) VALUES (33019419000110365, 3, 33010000047020041, 33010000047020000, 33010000047020051);
INSERT INTO dbo.pointindestinationpattern (Id, IsFromDataSourceId, IsInDestinationPatternId, IsOnPointInJourneyPatternId, HasDestinationDisplayId) VALUES (33019419000110366, 3, 33010000047020041, 33010000047020001, 33010000047020051);
INSERT INTO dbo.pointindestinationpattern (Id, IsFromDataSourceId, IsInDestinationPatternId, IsOnPointInJourneyPatternId, HasDestinationDisplayId) VALUES (33019419000110367, 3, 33010000047020041, 33010000047020002, 33010000047020051);
INSERT INTO dbo.pointindestinationpattern (Id, IsFromDataSourceId, IsInDestinationPatternId, IsOnPointInJourneyPatternId, HasDestinationDisplayId) VALUES (33019419000110368, 3, 33010000047020041, 33010000047020003, 33010000047020051);
INSERT INTO dbo.pointindestinationpattern (Id, IsFromDataSourceId, IsInDestinationPatternId, IsOnPointInJourneyPatternId, HasDestinationDisplayId) VALUES (33019419000110369, 3, 33010000047020041, 33010000047020004, 33010000047020051);
INSERT INTO dbo.pointindestinationpattern (Id, IsFromDataSourceId, IsInDestinationPatternId, IsOnPointInJourneyPatternId, HasDestinationDisplayId) VALUES (33019419000110370, 3, 33010000047020041, 33010000047020005, 33010000047020051);
INSERT INTO dbo.pointindestinationpattern (Id, IsFromDataSourceId, IsInDestinationPatternId, IsOnPointInJourneyPatternId, HasDestinationDisplayId) VALUES (33019419000110371, 3, 33010000047020041, 33010000047020006, 33010000047020051);
INSERT INTO dbo.pointindestinationpattern (Id, IsFromDataSourceId, IsInDestinationPatternId, IsOnPointInJourneyPatternId, HasDestinationDisplayId) VALUES (33019419000110372, 3, 33010000047020041, 33010000047020007, 33010000047020051);
INSERT INTO dbo.pointindestinationpattern (Id, IsFromDataSourceId, IsInDestinationPatternId, IsOnPointInJourneyPatternId, HasDestinationDisplayId) VALUES (33019419000110373, 3, 33010000047020041, 33010000047020008, 33010000047020051);
INSERT INTO dbo.pointindestinationpattern (Id, IsFromDataSourceId, IsInDestinationPatternId, IsOnPointInJourneyPatternId, HasDestinationDisplayId) VALUES (33019419000110374, 3, 33010000047020041, 33010000047020009, 33010000047020051);
INSERT INTO dbo.pointindestinationpattern (Id, IsFromDataSourceId, IsInDestinationPatternId, IsOnPointInJourneyPatternId, HasDestinationDisplayId) VALUES (33019419000110375, 3, 33010000047020041, 33010000047020010, 33010000047020051);
INSERT INTO dbo.pointindestinationpattern (Id, IsFromDataSourceId, IsInDestinationPatternId, IsOnPointInJourneyPatternId, HasDestinationDisplayId) VALUES (33019419000110376, 3, 33010000047020041, 33010000047020011, 33010000047020055);
INSERT INTO dbo.pointindestinationpattern (Id, IsFromDataSourceId, IsInDestinationPatternId, IsOnPointInJourneyPatternId, HasDestinationDisplayId) VALUES (33019419000110377, 3, 33010000047020041, 33010000047020012, 33010000047020055);
INSERT INTO dbo.pointindestinationpattern (Id, IsFromDataSourceId, IsInDestinationPatternId, IsOnPointInJourneyPatternId, HasDestinationDisplayId) VALUES (33019419000110378, 3, 33010000047020041, 33010000047020013, 33010000047020055);
INSERT INTO dbo.pointindestinationpattern (Id, IsFromDataSourceId, IsInDestinationPatternId, IsOnPointInJourneyPatternId, HasDestinationDisplayId) VALUES (33019419000110379, 3, 33010000047020041, 33010000047020014, 33010000047020055);
INSERT INTO dbo.pointindestinationpattern (Id, IsFromDataSourceId, IsInDestinationPatternId, IsOnPointInJourneyPatternId, HasDestinationDisplayId) VALUES (33019419000110380, 3, 33010000047020041, 33010000047020015, 33010000047020055);
INSERT INTO dbo.pointindestinationpattern (Id, IsFromDataSourceId, IsInDestinationPatternId, IsOnPointInJourneyPatternId, HasDestinationDisplayId) VALUES (33019419000110381, 3, 33010000047020041, 33010000047020016, 33010000047020055);
INSERT INTO dbo.pointindestinationpattern (Id, IsFromDataSourceId, IsInDestinationPatternId, IsOnPointInJourneyPatternId, HasDestinationDisplayId) VALUES (33019419000110382, 3, 33010000047020041, 33010000047020017, 33010000047020055);
INSERT INTO dbo.pointindestinationpattern (Id, IsFromDataSourceId, IsInDestinationPatternId, IsOnPointInJourneyPatternId, HasDestinationDisplayId) VALUES (33019419000110383, 3, 33010000047020041, 33010000047020018, 33010000047020055);
INSERT INTO dbo.pointindestinationpattern (Id, IsFromDataSourceId, IsInDestinationPatternId, IsOnPointInJourneyPatternId, HasDestinationDisplayId) VALUES (33019419000110384, 3, 33010000047020041, 33010000047020019, 33010000047020055);
INSERT INTO dbo.pointindestinationpattern (Id, IsFromDataSourceId, IsInDestinationPatternId, IsOnPointInJourneyPatternId, HasDestinationDisplayId) VALUES (33019419000110385, 3, 33010000047020041, 33010000047020020, 33010000047020055);
INSERT INTO dbo.pointindestinationpattern (Id, IsFromDataSourceId, IsInDestinationPatternId, IsOnPointInJourneyPatternId, HasDestinationDisplayId) VALUES (33019419000110386, 3, 33010000047020041, 33010000047020021, 33010000047020055);
INSERT INTO dbo.pointindestinationpattern (Id, IsFromDataSourceId, IsInDestinationPatternId, IsOnPointInJourneyPatternId, HasDestinationDisplayId) VALUES (33019419000123688, 3, 33010000048253355, 33010000047019978, 33010000048253361);
INSERT INTO dbo.pointindestinationpattern (Id, IsFromDataSourceId, IsInDestinationPatternId, IsOnPointInJourneyPatternId, HasDestinationDisplayId) VALUES (33019419000123689, 3, 33010000048253355, 33010000047019979, 33010000048253361);
INSERT INTO dbo.pointindestinationpattern (Id, IsFromDataSourceId, IsInDestinationPatternId, IsOnPointInJourneyPatternId, HasDestinationDisplayId) VALUES (33019419000123690, 3, 33010000048253355, 33010000047019980, 33010000048253361);
INSERT INTO dbo.pointindestinationpattern (Id, IsFromDataSourceId, IsInDestinationPatternId, IsOnPointInJourneyPatternId, HasDestinationDisplayId) VALUES (33019419000123691, 3, 33010000048253355, 33010000047019981, 33010000048253361);
INSERT INTO dbo.pointindestinationpattern (Id, IsFromDataSourceId, IsInDestinationPatternId, IsOnPointInJourneyPatternId, HasDestinationDisplayId) VALUES (33019419000123692, 3, 33010000048253355, 33010000047019982, 33010000048253361);
INSERT INTO dbo.pointindestinationpattern (Id, IsFromDataSourceId, IsInDestinationPatternId, IsOnPointInJourneyPatternId, HasDestinationDisplayId) VALUES (33019419000123693, 3, 33010000048253355, 33010000047019983, 33010000048253361);
INSERT INTO dbo.pointindestinationpattern (Id, IsFromDataSourceId, IsInDestinationPatternId, IsOnPointInJourneyPatternId, HasDestinationDisplayId) VALUES (33019419000123694, 3, 33010000048253355, 33010000047019984, 33010000048253361);
INSERT INTO dbo.pointindestinationpattern (Id, IsFromDataSourceId, IsInDestinationPatternId, IsOnPointInJourneyPatternId, HasDestinationDisplayId) VALUES (33019419000123695, 3, 33010000048253355, 33010000047019985, 33010000048253365);
INSERT INTO dbo.pointindestinationpattern (Id, IsFromDataSourceId, IsInDestinationPatternId, IsOnPointInJourneyPatternId, HasDestinationDisplayId) VALUES (33019419000123696, 3, 33010000048253355, 33010000047019986, 33010000048253365);
INSERT INTO dbo.pointindestinationpattern (Id, IsFromDataSourceId, IsInDestinationPatternId, IsOnPointInJourneyPatternId, HasDestinationDisplayId) VALUES (33019419000123697, 3, 33010000048253355, 33010000047019987, 33010000048253365);
INSERT INTO dbo.pointindestinationpattern (Id, IsFromDataSourceId, IsInDestinationPatternId, IsOnPointInJourneyPatternId, HasDestinationDisplayId) VALUES (33019419000123698, 3, 33010000048253355, 33010000047019988, 33010000048253365);
INSERT INTO dbo.pointindestinationpattern (Id, IsFromDataSourceId, IsInDestinationPatternId, IsOnPointInJourneyPatternId, HasDestinationDisplayId) VALUES (33019419000123699, 3, 33010000048253355, 33010000047019989, 33010000048253365);
INSERT INTO dbo.pointindestinationpattern (Id, IsFromDataSourceId, IsInDestinationPatternId, IsOnPointInJourneyPatternId, HasDestinationDisplayId) VALUES (33019419000123700, 3, 33010000048253355, 33010000047019990, 33010000048253365);
INSERT INTO dbo.pointindestinationpattern (Id, IsFromDataSourceId, IsInDestinationPatternId, IsOnPointInJourneyPatternId, HasDestinationDisplayId) VALUES (33019419000123701, 3, 33010000048253355, 33010000047019991, 33010000048253365);
INSERT INTO dbo.pointindestinationpattern (Id, IsFromDataSourceId, IsInDestinationPatternId, IsOnPointInJourneyPatternId, HasDestinationDisplayId) VALUES (33019419000123702, 3, 33010000048253355, 33010000047019992, 33010000048253365);
INSERT INTO dbo.pointindestinationpattern (Id, IsFromDataSourceId, IsInDestinationPatternId, IsOnPointInJourneyPatternId, HasDestinationDisplayId) VALUES (33019419000123703, 3, 33010000048253355, 33010000047019993, 33010000048253365);
INSERT INTO dbo.pointindestinationpattern (Id, IsFromDataSourceId, IsInDestinationPatternId, IsOnPointInJourneyPatternId, HasDestinationDisplayId) VALUES (33019419000123704, 3, 33010000048253355, 33010000047019994, 33010000048253365);
INSERT INTO dbo.pointindestinationpattern (Id, IsFromDataSourceId, IsInDestinationPatternId, IsOnPointInJourneyPatternId, HasDestinationDisplayId) VALUES (33019419000123705, 3, 33010000048253355, 33010000047019995, 33010000048253365);
INSERT INTO dbo.pointindestinationpattern (Id, IsFromDataSourceId, IsInDestinationPatternId, IsOnPointInJourneyPatternId, HasDestinationDisplayId) VALUES (33019419000123706, 3, 33010000048253355, 33010000047019996, 33010000048253365);
INSERT INTO dbo.pointindestinationpattern (Id, IsFromDataSourceId, IsInDestinationPatternId, IsOnPointInJourneyPatternId, HasDestinationDisplayId) VALUES (33019419000123707, 3, 33010000048253355, 33010000047019997, 33010000048253365);
INSERT INTO dbo.pointindestinationpattern (Id, IsFromDataSourceId, IsInDestinationPatternId, IsOnPointInJourneyPatternId, HasDestinationDisplayId) VALUES (33019419000123708, 3, 33010000048253355, 33010000047019998, 33010000048253365);
INSERT INTO dbo.pointindestinationpattern (Id, IsFromDataSourceId, IsInDestinationPatternId, IsOnPointInJourneyPatternId, HasDestinationDisplayId) VALUES (33019419000123709, 3, 33010000048253355, 33010000047019999, 33010000048253365);
INSERT INTO dbo.pointindestinationpattern (Id, IsFromDataSourceId, IsInDestinationPatternId, IsOnPointInJourneyPatternId, HasDestinationDisplayId) VALUES (33019419000123710, 3, 33010000048253355, 33010000047020000, 33010000048253365);
INSERT INTO dbo.pointindestinationpattern (Id, IsFromDataSourceId, IsInDestinationPatternId, IsOnPointInJourneyPatternId, HasDestinationDisplayId) VALUES (33019419000123711, 3, 33010000048253355, 33010000047020001, 33010000048253365);
INSERT INTO dbo.pointindestinationpattern (Id, IsFromDataSourceId, IsInDestinationPatternId, IsOnPointInJourneyPatternId, HasDestinationDisplayId) VALUES (33019419000123712, 3, 33010000048253355, 33010000047020002, 33010000048253365);
INSERT INTO dbo.pointindestinationpattern (Id, IsFromDataSourceId, IsInDestinationPatternId, IsOnPointInJourneyPatternId, HasDestinationDisplayId) VALUES (33019419000123713, 3, 33010000048253355, 33010000047020003, 33010000048253365);
INSERT INTO dbo.pointindestinationpattern (Id, IsFromDataSourceId, IsInDestinationPatternId, IsOnPointInJourneyPatternId, HasDestinationDisplayId) VALUES (33019419000123714, 3, 33010000048253355, 33010000047020004, 33010000048253365);
INSERT INTO dbo.pointindestinationpattern (Id, IsFromDataSourceId, IsInDestinationPatternId, IsOnPointInJourneyPatternId, HasDestinationDisplayId) VALUES (33019419000123715, 3, 33010000048253355, 33010000047020005, 33010000048253365);
INSERT INTO dbo.pointindestinationpattern (Id, IsFromDataSourceId, IsInDestinationPatternId, IsOnPointInJourneyPatternId, HasDestinationDisplayId) VALUES (33019419000123716, 3, 33010000048253355, 33010000047020006, 33010000048253365);
INSERT INTO dbo.pointindestinationpattern (Id, IsFromDataSourceId, IsInDestinationPatternId, IsOnPointInJourneyPatternId, HasDestinationDisplayId) VALUES (33019419000123717, 3, 33010000048253355, 33010000047020007, 33010000048253365);
INSERT INTO dbo.pointindestinationpattern (Id, IsFromDataSourceId, IsInDestinationPatternId, IsOnPointInJourneyPatternId, HasDestinationDisplayId) VALUES (33019419000123718, 3, 33010000048253355, 33010000047020008, 33010000048253365);
INSERT INTO dbo.pointindestinationpattern (Id, IsFromDataSourceId, IsInDestinationPatternId, IsOnPointInJourneyPatternId, HasDestinationDisplayId) VALUES (33019419000123719, 3, 33010000048253355, 33010000047020009, 33010000048253365);
INSERT INTO dbo.pointindestinationpattern (Id, IsFromDataSourceId, IsInDestinationPatternId, IsOnPointInJourneyPatternId, HasDestinationDisplayId) VALUES (33019419000123720, 3, 33010000048253355, 33010000047020010, 33010000048253365);
INSERT INTO dbo.pointindestinationpattern (Id, IsFromDataSourceId, IsInDestinationPatternId, IsOnPointInJourneyPatternId, HasDestinationDisplayId) VALUES (33019419000123721, 3, 33010000048253355, 33010000047020011, 33010000048253369);
INSERT INTO dbo.pointindestinationpattern (Id, IsFromDataSourceId, IsInDestinationPatternId, IsOnPointInJourneyPatternId, HasDestinationDisplayId) VALUES (33019419000123722, 3, 33010000048253355, 33010000047020012, 33010000048253369);
INSERT INTO dbo.pointindestinationpattern (Id, IsFromDataSourceId, IsInDestinationPatternId, IsOnPointInJourneyPatternId, HasDestinationDisplayId) VALUES (33019419000123723, 3, 33010000048253355, 33010000047020013, 33010000048253369);
INSERT INTO dbo.pointindestinationpattern (Id, IsFromDataSourceId, IsInDestinationPatternId, IsOnPointInJourneyPatternId, HasDestinationDisplayId) VALUES (33019419000123724, 3, 33010000048253355, 33010000047020014, 33010000048253369);
INSERT INTO dbo.pointindestinationpattern (Id, IsFromDataSourceId, IsInDestinationPatternId, IsOnPointInJourneyPatternId, HasDestinationDisplayId) VALUES (33019419000123725, 3, 33010000048253355, 33010000047020015, 33010000048253369);
INSERT INTO dbo.pointindestinationpattern (Id, IsFromDataSourceId, IsInDestinationPatternId, IsOnPointInJourneyPatternId, HasDestinationDisplayId) VALUES (33019419000123726, 3, 33010000048253355, 33010000047020016, 33010000048253369);
INSERT INTO dbo.pointindestinationpattern (Id, IsFromDataSourceId, IsInDestinationPatternId, IsOnPointInJourneyPatternId, HasDestinationDisplayId) VALUES (33019419000123727, 3, 33010000048253355, 33010000047020017, 33010000048253369);
INSERT INTO dbo.pointindestinationpattern (Id, IsFromDataSourceId, IsInDestinationPatternId, IsOnPointInJourneyPatternId, HasDestinationDisplayId) VALUES (33019419000123728, 3, 33010000048253355, 33010000047020018, 33010000048253369);
INSERT INTO dbo.pointindestinationpattern (Id, IsFromDataSourceId, IsInDestinationPatternId, IsOnPointInJourneyPatternId, HasDestinationDisplayId) VALUES (33019419000123729, 3, 33010000048253355, 33010000047020019, 33010000048253369);
INSERT INTO dbo.pointindestinationpattern (Id, IsFromDataSourceId, IsInDestinationPatternId, IsOnPointInJourneyPatternId, HasDestinationDisplayId) VALUES (33019419000123730, 3, 33010000048253355, 33010000047020020, 33010000048253369);
INSERT INTO dbo.pointindestinationpattern (Id, IsFromDataSourceId, IsInDestinationPatternId, IsOnPointInJourneyPatternId, HasDestinationDisplayId) VALUES (33019419000123731, 3, 33010000048253355, 33010000047020021, 33010000048253369);

INSERT INTO dbo.pointindestinationpattern (Id, IsFromDataSourceId, IsInDestinationPatternId, IsOnPointInJourneyPatternId, HasDestinationDisplayId) VALUES (4711, 3, 33010000048253355, 17, NULL );

INSERT INTO dbo.destinationpattern (Id, IsFromDataSourceId, IsOnJourneyPatternId) VALUES (33010000047020023, 3, 33010000047019973);
INSERT INTO dbo.destinationpattern (Id, IsFromDataSourceId, IsOnJourneyPatternId) VALUES (33010000047020041, 3, 33010000047019973);
INSERT INTO dbo.destinationpattern (Id, IsFromDataSourceId, IsOnJourneyPatternId) VALUES (33010000048253355, 3, 33010000047019973);
